Code;Magnitude Degree |;Density;Groups;Number of Groups;Comment;Creation Date;Modification Date
● T1. Edge Connectivity & Communication Protocols;112;0;Themes;1;;4/7/25;5/12/25
● T2. Security, Privacy & Trust Management;71;0;Themes;1;;4/9/25;5/12/25
● T3. Device Lifecycle Management (Provisoning → Deployment → Operation);106;0;Themes;1;;4/9/25;5/12/25
● T4. Modular Edge Architecture & Service Orchestration;97;0;Themes;1;;4/9/25;5/12/25
● T5. Edge‑Cloud Continuum Integration & Messaging Middleware;90;0;Themes;1;;4/9/25;5/12/25
● T6. Digital Twins & Device State Management;8;0;Themes;1;;4/9/25;5/12/25
● T7. Infrastructure Automation & Configuration Management;31;0;Themes;1;;4/9/25;5/12/25
● T8. Observability, Monitoring & Diagnostics;38;0;Themes;1;;4/9/25;5/12/25
● T9. Optimised AI/ML Execution at the Edge;93;0;Themes;1;;4/9/25;5/12/25
● T10. Resource Efficiency & Performance Optimisation;102;0;Themes;1;;4/9/25;5/12/25
● T11 – Stream Processing & Event‑Driven Architectures (Edge);47;0;Themes;1;;4/9/25;5/12/25
● T12. Data Storage, Persistence & Caching;28;0;Themes;1;;4/9/25;5/12/25
● T13. Sensor Abstraction & Hardware Interface Integration;80;0;Themes;1;;4/9/25;5/12/25
● T14. Edge Development Frameworks & Programmability;75;0;Themes;1;;4/9/25;5/12/25
● T15. DevOps, CI/CD & Build Environments for Edge;37;0;Themes;1;;4/9/25;5/12/25
● T16. LPWAN/LoRaWAN & Other Long‑Range Low‑Power Communications;1;0;Themes;1;;4/9/25;5/12/25
● T17. Network Virtualisation, VPNs & SDN at the Edge;4;0;Themes;1;;4/9/25;5/12/25
● T18. Trusted Connectors, Data Sovereignty & Usage Policies;10;0;Themes;1;;4/9/25;5/12/25